service,source_page,parameter,value,units,notes
Gemini,27,beta_d,4.25,dimensionless,Determined value from fitting
Gemini,27,beta_q,8.10,dimensionless,Determined value from fitting
Gemini,29,future_transition_gyr,32-38,Gyr,Estimated Future Time Range when monopole+quadrupole > dipole
Gemini,29,contraction_onset_gyr,55,Gyr,Time when expansion rate reaches zero (H < 0)
Gemini,29,w_eff_formula,NUMERICAL_TABLE_ONLY,dimensionless,No analytic formula (table values only)
Gemini,27,h0_anchor,67.4,km/s/Mpc,Planck 2018 value used for H_FLRW
Gemini,26,t_roe_min,3.55,Gyr,Chosen time range minimum (z≈2.2)
Gemini,25,omega_m,0.315,dimensionless,Planck 2018 matter density parameter
Gemini,25,omega_lambda,0.685,dimensionless,Planck 2018 dark energy density parameter
